,id,age group,gender,age,dataset
0,1,adult,,,test
1,2,adult,,,test
2,3,adult,,,test
3,4,adult,,,test
4,5,adult,,,test
5,6,adult,,,test
6,7,adult,,,test
7,9,adult,,,test
8,10,adult,,,test
9,11,adult,,,test
10,12,adult,,,test
11,13,adult,,,test
12,14,adult,,,test
13,15,adult,,,test
14,16,adult,,,test
15,17,adult,,,test
16,18,adult,,,test
17,19,adult,,,test
18,20,adult,,,test
19,21,adult,,,test
20,22,adult,,,test
21,23,adult,,,test
22,24,adult,,,test
23,25,adult,,,test
24,26,adult,,,test
25,27,adult,,,test
26,28,adult,,,test
27,29,adult,,,test
28,30,adult,,,test
29,31,adult,,,test
30,32,adult,,,test
31,33,adult,,,test
32,35,adult,,,test
33,36,adult,,,test
34,37,adult,,,test
35,38,adult,,,test
36,39,adult,,,test
37,40,adult,,,test
38,41,adult,,,test
39,42,adult,,,test
40,43,adult,,,test
41,44,adult,,,test
42,45,adult,,,test
43,46,adult,,,test
44,47,adult,,,test
45,48,adult,,,test
46,49,adult,,,test
47,50,adult,,,test
48,51,adult,,,test
49,52,adult,,,test
50,53,adult,,,test
51,54,adult,,,test
52,55,adult,,,test
53,56,adult,,,test
54,57,adult,,,test
55,58,adult,,,test
56,59,adult,,,test
57,60,adult,,,test
58,61,adult,,,test
59,62,adult,,,test
60,63,adult,,,test
61,64,adult,,,test
62,65,adult,,,test
63,66,adult,,,test
64,67,adult,,,test
65,68,adult,,,test
66,69,adult,,,test
67,70,adult,,,test
68,71,adult,,,test
69,72,adult,,,test
70,73,adult,,,test
71,74,adult,,,test
72,75,adult,,,test
73,76,adult,,,test
74,77,adult,,,test
75,78,seniors,,,train
76,79,seniors,,,train
77,82,seniors,,,train
78,83,seniors,,,train
79,84,seniors,,,train
80,85,seniors,,,train
81,86,seniors,,,train
82,87,seniors,,,train
83,88,seniors,,,train
84,89,seniors,,,train
85,90,seniors,,,train
86,91,seniors,,,train
87,92,seniors,,,train
88,93,seniors,,,train
89,94,seniors,,,train
90,95,seniors,,,train
91,96,seniors,,,train
92,97,seniors,,,train
93,98,seniors,,,train
94,99,seniors,,,train
95,100,seniors,,,train
96,101,children&Adolescents,,,train
97,102,children&Adolescents,,,train
98,103,children&Adolescents,,,train
99,104,children&Adolescents,,,train
100,105,children&Adolescents,,,train
101,106,children&Adolescents,,,train
102,107,children&Adolescents,,,train
103,108,children&Adolescents,,,train
104,109,children&Adolescents,,,train
105,110,children&Adolescents,,,train
106,111,children&Adolescents,,,train
107,112,children&Adolescents,,,train
108,113,children&Adolescents,,,train
109,114,children&Adolescents,,,train
110,115,children&Adolescents,,,train
111,116,children&Adolescents,,,train
112,117,children&Adolescents,,,train
113,118,children&Adolescents,,,train
114,119,children&Adolescents,,,train
115,120,children&Adolescents,,,train
116,121,children&Adolescents,,,train
117,122,children&Adolescents,,,train
118,123,children&Adolescents,,,train
119,124,children&Adolescents,,,train
120,125,children&Adolescents,,,train
121,126,children&Adolescents,,,train
122,127,children&Adolescents,,,train
123,128,children&Adolescents,,,train
124,129,children&Adolescents,,,train
125,130,children&Adolescents,,,train
126,131,children&Adolescents,,,train
127,132,children&Adolescents,,,train
128,133,children&Adolescents,,,train
129,134,children&Adolescents,,,train
130,135,children&Adolescents,,,train
131,136,children&Adolescents,,,train
132,137,children&Adolescents,,,train
133,138,children&Adolescents,,,train
134,139,children&Adolescents,,,train
135,140,children&Adolescents,,,train
136,141,children&Adolescents,,,train
137,142,children&Adolescents,,,train
138,143,children&Adolescents,,,train
139,144,children&Adolescents,,,train
140,145,children&Adolescents,,,train
141,146,children&Adolescents,,,train
142,147,children&Adolescents,,,train
143,148,children&Adolescents,,,train
144,149,children&Adolescents,,,train
145,150,children&Adolescents,,,train
146,151,children&Adolescents,,,train
147,152,children&Adolescents,,,train
148,155,children&Adolescents,,,train
149,156,children&Adolescents,,,train
150,157,children&Adolescents,,,train
151,158,children&Adolescents,,,train
152,159,children&Adolescents,,,train
153,160,children&Adolescents,,,train
154,161,children&Adolescents,,,train
155,162,children&Adolescents,,,train
156,163,children&Adolescents,,,train
157,164,children&Adolescents,,,train
158,165,children&Adolescents,,,train
159,166,children&Adolescents,,,train
160,167,children&Adolescents,,,train
161,168,children&Adolescents,,,train
162,169,children&Adolescents,,,train
163,170,children&Adolescents,,,train
164,172,children&Adolescents,,,train
165,173,children&Adolescents,,,train
166,174,children&Adolescents,,,train
167,175,children&Adolescents,,,train
168,176,children&Adolescents,,,train
169,177,children&Adolescents,,,train
170,178,children&Adolescents,,,train
171,179,children&Adolescents,,,train
172,180,children&Adolescents,,,train
173,181,children&Adolescents,,,train
174,182,children&Adolescents,,,train
175,183,children&Adolescents,,,train
176,184,children&Adolescents,,,train
177,185,children&Adolescents,,,train
178,186,children&Adolescents,,,train
179,187,children&Adolescents,,,train
180,188,children&Adolescents,,,train
181,189,children&Adolescents,,,train
182,190,children&Adolescents,,,train
183,191,children&Adolescents,,,train
184,192,children&Adolescents,,,train
185,193,children&Adolescents,,,train
186,194,children&Adolescents,,,train
187,195,children&Adolescents,,,train
188,196,children&Adolescents,,,train
189,197,children&Adolescents,,,train
190,198,children&Adolescents,,,train
191,199,children&Adolescents,,,train
192,200,children&Adolescents,,,train
193,201,children&Adolescents,,,train
194,202,children&Adolescents,,,train
195,203,children&Adolescents,,,train
196,204,children&Adolescents,,,train
197,205,children&Adolescents,,,train
198,206,children&Adolescents,,,train
199,207,children&Adolescents,,,train
200,208,children&Adolescents,,,train
201,209,children&Adolescents,,,train
202,210,children&Adolescents,,,train
203,211,children&Adolescents,,,train
204,212,children&Adolescents,,,train
205,213,children&Adolescents,,,train
206,214,children&Adolescents,,,train
207,215,children&Adolescents,,,train
208,216,children&Adolescents,,,train
209,217,children&Adolescents,,,train
210,218,children&Adolescents,,,train
211,219,children&Adolescents,,,train
212,220,children&Adolescents,,,train
213,221,children&Adolescents,,,train
214,222,children&Adolescents,,,train
215,223,adult,,,test
216,224,adult,,,test
217,225,adult,,,test
218,226,adult,,,test
219,227,adult,,,test
220,344,children&Adolescents,male,8.0,train
221,345,children&Adolescents,male,8.0,train
222,346,children&Adolescents,female,13.0,train
223,347,adult,female,30.0,test
224,348,adult,female,24.0,test
225,349,seniors,female,80.0,train
226,353,adult,female,25.0,test
227,354,adult,male,23.0,test
228,355,adult,female,20.0,test
229,358,adult,female,31.0,test
230,361,adult,female,35.0,test
231,363,adult,female,25.0,test
232,364,adult,female,29.0,test
233,365,adult,female,25.0,test
234,367,adult,female,44.0,test
235,370,children&Adolescents,female,13.0,train
236,371,adult,female,41.0,test
237,373,children&Adolescents,female,13.0,train
238,374,children&Adolescents,female,13.0,train
239,375,adult,female,37.0,test
240,376,children&Adolescents,female,13.0,train
241,377,children&Adolescents,male,13.0,train
242,378,adult,female,24.0,test
243,379,children&Adolescents,female,13.0,train
244,380,children&Adolescents,male,13.0,train
245,381,adult,female,51.0,test
246,383,children&Adolescents,male,13.0,train
247,384,children&Adolescents,male,13.0,train
248,386,adult,female,30.0,test
249,387,adult,male,28.0,test
250,388,adult,female,54.0,test
251,390,adult,female,48.0,test
252,392,adult,female,38.0,test
253,393,children&Adolescents,female,13.0,train
254,396,seniors,male,62.0,train
255,397,adult,female,19.0,test
256,398,adult,female,58.0,test
257,399,adult,female,57.0,test
258,400,seniors,female,72.0,train
259,402,seniors,male,60.0,train
260,404,seniors,female,73.0,train
261,405,seniors,male,69.0,train
262,406,adult,male,51.0,test
263,407,seniors,male,96.0,train
264,408,seniors,male,70.0,train
265,409,seniors,male,78.0,train
266,410,seniors,male,79.0,train
267,411,seniors,male,75.0,train
268,412,seniors,male,76.0,train
269,413,seniors,male,72.0,train
270,416,seniors,male,77.0,train
271,419,seniors,male,82.0,train
272,420,seniors,female,84.0,train
273,421,seniors,male,75.0,train
274,423,seniors,male,78.0,train
275,424,seniors,male,80.0,train
276,425,seniors,male,78.0,train
277,426,children&Adolescents,female,18.0,train
278,427,children&Adolescents,female,18.0,train
279,428,seniors,male,83.0,train
280,429,seniors,male,83.0,train
281,430,seniors,female,83.0,train
282,431,adult,female,83.0,test
283,432,children&Adolescents,male,19.0,train
284,433,seniors,male,85.0,train
285,434,children&Adolescents,female,17.0,train
286,435,adult,male,20.0,test
287,436,adult,female,55.0,test
288,437,adult,female,26.0,test
289,439,children&Adolescents,male,17.0,train
290,440,children&Adolescents,male,17.0,train
291,441,children&Adolescents,female,18.0,train
292,442,children&Adolescents,female,18.0,train
293,443,adult,female,26.0,test
294,444,adult,male,24.0,test
295,449,children&Adolescents,female,18.0,train
296,450,children&Adolescents,female,18.0,train
297,451,seniors,female,76.0,train
298,452,children&Adolescents,female,12.0,train
299,453,children&Adolescents,male,15.0,train
300,454,adult,male,47.0,test
301,455,children&Adolescents,female,17.0,train
302,456,children&Adolescents,female,15.0,train
303,457,children&Adolescents,female,12.0,train
304,458,adult,female,26.0,test
305,459,adult,female,29.0,test
306,461,adult,male,59.0,test
307,462,children&Adolescents,male,12.0,train
308,464,children&Adolescents,female,13.0,train
309,465,adult,male,29.0,test
310,466,adult,female,26.0,test
311,467,children&Adolescents,female,15.0,train
312,468,children&Adolescents,male,15.0,train
313,469,children&Adolescents,female,15.0,train
314,470,children&Adolescents,female,15.0,train
315,471,children&Adolescents,female,15.0,train
316,473,children&Adolescents,male,15.0,train
317,475,children&Adolescents,female,15.0,train
318,476,children&Adolescents,male,15.0,train
319,477,children&Adolescents,female,15.0,train
320,478,children&Adolescents,male,15.0,train
321,479,children&Adolescents,female,15.0,train
322,480,children&Adolescents,male,15.0,train
323,481,children&Adolescents,female,13.0,train
324,482,children&Adolescents,male,12.0,train
325,483,children&Adolescents,male,18.0,train
326,484,seniors,male,83.0,train
327,485,seniors,female,77.0,train
328,486,seniors,male,74.0,train
329,488,seniors,female,72.0,train
330,500,children&Adolescents,female,14.0,train
331,501,children&Adolescents,female,15.0,train
332,502,adult,female,25.0,test
333,503,adult,male,20.0,test
334,505,adult,female,24.0,test
335,506,adult,male,21.0,test
336,507,adult,male,21.0,test
337,508,adult,male,21.0,test
338,510,adult,female,26.0,test
339,511,adult,female,21.0,test
340,512,adult,female,21.0,test
341,513,adult,female,20.0,test
342,514,adult,male,29.0,test
343,515,adult,female,20.0,test
344,516,adult,female,20.0,test
345,517,adult,male,24.0,test
346,518,adult,male,24.0,test
347,519,adult,female,55.0,test
348,520,adult,male,20.0,test
349,521,adult,male,20.0,test
350,522,adult,male,21.0,test
351,525,adult,female,21.0,test
352,526,adult,female,20.0,test
353,527,adult,male,20.0,test
354,528,adult,male,22.0,test
355,529,adult,female,22.0,test
356,530,adult,female,23.0,test
357,531,adult,male,20.0,test
358,532,adult,female,20.0,test
359,536,adult,female,20.0,test
360,537,adult,female,21.0,test
361,538,adult,male,20.0,test
362,539,adult,female,20.0,test
363,540,adult,female,20.0,test
364,541,adult,female,21.0,test
365,542,adult,female,29.0,test
366,543,adult,male,20.0,test
367,544,adult,female,22.0,test
368,545,adult,female,21.0,test
369,546,adult,male,26.0,test
370,547,adult,male,20.0,test
371,548,adult,female,21.0,test
372,549,adult,female,21.0,test
373,550,adult,female,26.0,test
374,552,adult,female,24.0,test
375,553,adult,female,20.0,test
376,554,adult,female,20.0,test
377,555,adult,male,20.0,test
378,556,adult,male,19.0,test
379,557,adult,female,22.0,test
380,559,adult,male,21.0,test
381,560,adult,female,19.0,test
382,561,adult,male,30.0,test
383,562,adult,male,29.0,test
384,563,adult,female,20.0,test
385,564,adult,female,19.0,test
386,565,adult,female,20.0,test
387,566,adult,female,20.0,test
388,567,adult,female,21.0,test
389,568,adult,male,23.0,test
390,569,adult,male,21.0,test
391,570,adult,female,20.0,test
392,571,adult,female,20.0,test
393,572,adult,female,21.0,test
394,573,adult,female,21.0,test
395,574,adult,non-binary,22.0,test
396,575,adult,female,21.0,test
397,576,adult,male,21.0,test
398,577,adult,female,20.0,test
399,578,adult,female,20.0,test
400,579,adult,female,20.0,test
401,580,adult,female,27.0,test
402,581,adult,female,24.0,test
403,582,adult,female,22.0,test
404,584,adult,female,24.0,test
405,585,adult,female,21.0,test
406,587,adult,male,20.0,test
407,588,adult,male,24.0,test
408,589,adult,female,23.0,test
409,590,adult,female,23.0,test
410,591,adult,female,22.0,test
411,592,adult,female,20.0,test
412,593,adult,male,20.0,test
413,594,adult,male,21.0,test
414,595,adult,female,21.0,test
415,596,adult,female,20.0,test
416,597,adult,male,20.0,test
417,598,adult,female,21.0,test
418,599,adult,female,22.0,test
419,600,adult,female,22.0,test
420,601,adult,female,24.0,test
421,602,adult,male,20.0,test
422,603,adult,female,25.0,test
423,604,adult,female,23.0,test
424,605,adult,female,24.0,test
425,606,adult,female,25.0,test
426,607,adult,male,21.0,test
427,608,adult,female,23.0,test
428,609,adult,female,21.0,test
429,610,adult,female,22.0,test
430,612,adult,female,21.0,test
431,613,adult,female,20.0,test
432,614,adult,female,20.0,test
433,615,adult,female,20.0,test
434,616,adult,female,20.0,test
435,617,adult,female,30.0,test
436,618,adult,female,22.0,test
437,619,adult,male,35.0,test
438,620,adult,female,39.0,test
439,621,adult,female,22.0,test
440,622,adult,male,21.0,test
441,623,adult,female,21.0,test
442,624,adult,female,23.0,test
443,625,adult,female,22.0,test
444,626,adult,male,21.0,test
445,627,adult,female,22.0,test
446,628,adult,female,23.0,test
447,629,adult,female,23.0,test
448,630,adult,male,27.0,test
449,631,adult,female,25.0,test
450,632,adult,female,21.0,test
451,633,adult,male,25.0,test
452,634,adult,female,20.0,test
453,635,adult,female,22.0,test
454,637,adult,male,20.0,test
455,638,adult,female,20.0,test
456,639,adult,female,20.0,test
457,640,adult,female,20.0,test
458,641,adult,female,20.0,test
459,642,adult,male,21.0,test
460,643,adult,female,19.0,test
461,645,adult,female,20.0,test
462,646,adult,female,24.0,test
463,647,adult,female,24.0,test
464,648,adult,female,20.0,test
465,649,adult,female,24.0,test
466,650,adult,male,27.0,test
467,654,adult,female,23.0,test
468,655,adult,male,23.0,test
469,657,adult,male,25.0,test
470,659,adult,female,22.0,test
471,660,adult,male,22.0,test
472,664,adult,female,20.0,test
473,665,adult,female,20.0,test
474,666,adult,male,22.0,test
475,667,adult,female,20.0,test
476,668,adult,female,20.0,test
477,669,adult,female,20.0,test
478,670,adult,female,20.0,test
479,671,adult,female,24.0,test
480,672,adult,female,25.0,test
481,673,adult,female,24.0,test
482,675,adult,female,21.0,test
483,676,adult,female,20.0,test
484,677,adult,female,20.0,test
485,678,adult,male,21.0,test
486,679,adult,female,20.0,test
487,680,adult,male,25.0,test
488,682,adult,female,31.0,test
489,683,adult,female,23.0,test
490,684,adult,male,26.0,test
491,685,adult,male,26.0,test
492,686,adult,male,26.0,test
493,687,adult,male,24.0,test
494,688,adult,female,23.0,test
495,689,adult,male,24.0,test
496,691,adult,female,20.0,test
497,693,adult,male,23.0,test
498,695,adult,female,22.0,test
499,696,adult,male,22.0,test
500,697,adult,male,21.0,test
501,698,adult,male,20.0,test
502,699,adult,female,20.0,test
503,700,adult,female,20.0,test
504,701,adult,female,20.0,test
505,702,adult,male,21.0,test
506,703,adult,male,20.0,test
507,704,adult,female,21.0,test
508,705,adult,female,25.0,test
509,706,adult,female,21.0,test
510,707,adult,female,20.0,test
511,708,adult,male,22.0,test
512,709,adult,male,27.0,test
513,710,adult,male,21.0,test
514,711,adult,male,21.0,test
515,712,adult,female,19.0,test
516,713,children&Adolescents,female,18.0,train
517,714,adult,male,23.0,test
518,715,adult,male,22.0,test
519,716,adult,female,26.0,test
520,717,adult,male,31.0,test
521,719,adult,male,21.0,test
522,720,adult,male,22.0,test
523,721,adult,female,22.0,test
524,722,adult,female,23.0,test
525,723,adult,male,29.0,test
526,724,adult,female,25.0,test
527,725,adult,male,33.0,test
528,726,adult,male,33.0,test
529,727,adult,female,21.0,test
530,728,adult,female,21.0,test
531,729,adult,female,24.0,test
532,730,adult,female,24.0,test
533,731,adult,male,20.0,test
534,732,adult,female,20.0,test
535,733,adult,female,20.0,test
536,734,adult,female,23.0,test
537,735,adult,male,22.0,test
538,736,adult,male,25.0,test
539,737,adult,male,29.0,test
540,739,adult,male,22.0,test
541,740,adult,male,21.0,test
542,741,adult,female,21.0,test
543,742,adult,male,20.0,test
544,744,adult,male,22.0,test
545,746,adult,female,23.0,test
546,747,adult,male,27.0,test
547,748,adult,female,22.0,test
548,749,adult,female,23.0,test
549,750,adult,female,20.0,test
550,751,adult,female,22.0,test
551,752,adult,female,22.0,test
552,753,adult,female,22.0,test
553,755,adult,female,22.0,test
554,756,adult,female,20.0,test
555,757,adult,female,19.0,test
556,758,adult,female,21.0,test
557,759,adult,female,19.0,test
558,760,adult,female,22.0,test
559,761,adult,male,25.0,test
560,762,adult,male,20.0,test
561,763,adult,female,22.0,test
562,764,children&Adolescents,male,15.0,train
563,765,adult,female,23.0,test
564,766,adult,female,20.0,test
565,767,adult,female,19.0,test
566,768,adult,male,21.0,test
567,769,adult,female,21.0,test
568,770,adult,female,24.0,test
569,771,adult,female,24.0,test
570,772,adult,male,22.0,test
571,773,adult,male,22.0,test
572,774,adult,female,20.0,test
573,775,adult,female,23.0,test
574,776,adult,female,22.0,test
575,777,adult,female,21.0,test
576,779,adult,female,21.0,test
577,1116,adult,female,29.0,test
578,1150,adult,male,33.0,test
579,1151,adult,female,32.0,test
580,1152,seniors,female,66.0,train
581,1233,children&Adolescents,female,17.0,train
582,1245,children&Adolescents,female,14.0,train
583,1248,children&Adolescents,female,14.0,train
584,1254,children&Adolescents,female,14.0,train
585,1258,children&Adolescents,female,14.0,train
586,1262,children&Adolescents,female,14.0,train
587,1263,children&Adolescents,female,14.0,train
588,1264,children&Adolescents,female,14.0,train
589,1269,children&Adolescents,female,14.0,train
590,1273,children&Adolescents,female,14.0,train
591,1278,children&Adolescents,female,14.0,train
592,1280,children&Adolescents,female,14.0,train
593,1281,children&Adolescents,female,14.0,train
594,1284,children&Adolescents,female,14.0,train
595,1285,children&Adolescents,female,14.0,train
596,1290,children&Adolescents,female,14.0,train
597,1293,children&Adolescents,female,14.0,train
598,1298,children&Adolescents,female,14.0,train
599,1300,children&Adolescents,female,14.0,train
600,1302,children&Adolescents,female,14.0,train
601,1303,children&Adolescents,female,14.0,train
602,1305,children&Adolescents,female,14.0,train
603,1307,children&Adolescents,female,14.0,train
604,1309,children&Adolescents,female,14.0,train
605,1312,children&Adolescents,female,14.0,train
606,1314,children&Adolescents,female,14.0,train
607,1315,children&Adolescents,female,14.0,train
608,1317,children&Adolescents,female,14.0,train
609,1318,children&Adolescents,female,14.0,train
610,1342,children&Adolescents,female,14.0,train
611,1343,children&Adolescents,female,14.0,train
612,1345,children&Adolescents,female,14.0,train
613,1346,children&Adolescents,female,14.0,train
614,1347,children&Adolescents,female,14.0,train
615,1349,children&Adolescents,female,14.0,train
616,1350,children&Adolescents,female,14.0,train
617,1351,children&Adolescents,female,14.0,train
618,1352,children&Adolescents,female,14.0,train
619,1353,children&Adolescents,female,14.0,train
620,1354,children&Adolescents,female,14.0,train
621,1355,children&Adolescents,female,14.0,train
622,1356,children&Adolescents,female,14.0,train
623,1357,children&Adolescents,female,14.0,train
624,1358,children&Adolescents,female,14.0,train
625,1359,children&Adolescents,female,14.0,train
626,1360,children&Adolescents,female,14.0,train
627,1361,children&Adolescents,female,14.0,train
628,1362,children&Adolescents,female,14.0,train
629,1363,children&Adolescents,female,14.0,train
630,1364,children&Adolescents,female,14.0,train
631,1365,children&Adolescents,female,14.0,train
632,1367,children&Adolescents,female,14.0,train
633,1369,children&Adolescents,female,14.0,train
634,1370,children&Adolescents,female,14.0,train
635,1371,children&Adolescents,female,14.0,train
636,1372,children&Adolescents,female,14.0,train
637,1388,seniors,female,73.0,train
638,1390,seniors,female,65.0,train
639,1392,seniors,female,65.0,train
640,1394,seniors,female,63.0,train
641,1396,children&Adolescents,female,14.0,train
642,1397,children&Adolescents,female,14.0,train
643,1399,children&Adolescents,female,14.0,train
644,1400,children&Adolescents,female,14.0,train
645,1402,children&Adolescents,female,14.0,train
646,1403,children&Adolescents,female,14.0,train
647,1404,children&Adolescents,female,14.0,train
648,1405,children&Adolescents,female,14.0,train
649,1406,children&Adolescents,female,14.0,train
650,1407,children&Adolescents,female,14.0,train
651,1409,children&Adolescents,female,14.0,train
652,1410,children&Adolescents,female,14.0,train
653,1411,children&Adolescents,female,14.0,train
654,1412,children&Adolescents,female,14.0,train
655,1413,children&Adolescents,female,14.0,train
656,1415,children&Adolescents,female,14.0,train
657,1416,children&Adolescents,female,14.0,train
658,1417,children&Adolescents,female,14.0,train
659,1418,children&Adolescents,female,14.0,train
660,1419,children&Adolescents,female,14.0,train
661,1421,children&Adolescents,female,14.0,train
662,1422,children&Adolescents,female,14.0,train
663,1423,children&Adolescents,female,14.0,train
664,1424,seniors,female,73.0,train
665,1425,children&Adolescents,female,14.0,train
666,1430,children&Adolescents,female,14.0,train
667,1431,children&Adolescents,female,14.0,train
668,1432,children&Adolescents,female,14.0,train
669,1433,children&Adolescents,female,14.0,train
670,1434,children&Adolescents,female,14.0,train
671,1437,children&Adolescents,female,14.0,train
672,1438,children&Adolescents,female,14.0,train
673,1439,children&Adolescents,female,14.0,train
674,1440,children&Adolescents,female,14.0,train
675,1441,children&Adolescents,female,14.0,train
676,1442,children&Adolescents,female,14.0,train
677,1443,children&Adolescents,female,14.0,train
678,1444,children&Adolescents,female,14.0,train
679,1445,children&Adolescents,female,14.0,train
680,1446,children&Adolescents,female,14.0,train
681,1447,children&Adolescents,female,14.0,train
682,1448,children&Adolescents,female,14.0,train
683,1449,children&Adolescents,female,14.0,train
684,1450,children&Adolescents,female,14.0,train
685,1451,children&Adolescents,female,14.0,train
686,1452,children&Adolescents,female,14.0,train
687,1453,children&Adolescents,female,14.0,train
688,1454,children&Adolescents,female,14.0,train
689,1455,children&Adolescents,female,14.0,train
690,1456,children&Adolescents,female,14.0,train
691,1458,children&Adolescents,female,14.0,train
692,1459,children&Adolescents,female,14.0,train
693,1460,children&Adolescents,female,14.0,train
694,1461,children&Adolescents,female,14.0,train
695,1462,children&Adolescents,female,14.0,train
696,1465,children&Adolescents,female,14.0,train
697,1466,seniors,female,62.0,train
698,1467,seniors,female,62.0,train
699,1468,seniors,female,73.0,train
700,1469,seniors,female,63.0,train
701,1473,children&Adolescents,female,14.0,train
702,1476,children&Adolescents,female,14.0,train
703,1478,children&Adolescents,female,14.0,train
704,1479,children&Adolescents,female,14.0,train
705,1480,children&Adolescents,female,14.0,train
706,1482,children&Adolescents,female,14.0,train
707,1483,children&Adolescents,female,14.0,train
708,1484,children&Adolescents,female,14.0,train
709,1485,children&Adolescents,female,14.0,train
710,1486,children&Adolescents,female,14.0,train
711,1487,children&Adolescents,female,14.0,train
712,1488,children&Adolescents,female,14.0,train
713,1489,children&Adolescents,female,14.0,train
714,1493,children&Adolescents,female,14.0,train
715,1495,children&Adolescents,female,14.0,train
716,1496,children&Adolescents,female,14.0,train
717,1497,children&Adolescents,female,14.0,train
718,1498,children&Adolescents,female,14.0,train
719,1499,children&Adolescents,female,14.0,train
720,1501,children&Adolescents,female,14.0,train
721,1502,children&Adolescents,female,14.0,train
722,1503,children&Adolescents,female,14.0,train
723,1504,children&Adolescents,female,14.0,train
724,1505,children&Adolescents,female,14.0,train
725,1506,seniors,non-binary,121111.0,train
726,1507,children&Adolescents,male,14.0,train
727,1508,children&Adolescents,female,14.0,train
728,1512,children&Adolescents,female,14.0,train
729,1518,seniors,female,76.0,train
730,1519,seniors,female,61.0,train
731,1523,children&Adolescents,female,16.0,train
732,1524,children&Adolescents,female,15.0,train
733,1525,children&Adolescents,female,14.0,train
734,1526,children&Adolescents,female,14.0,train
735,1527,children&Adolescents,female,16.0,train
736,1528,children&Adolescents,female,16.0,train
737,1529,children&Adolescents,female,15.0,train
738,1530,children&Adolescents,female,16.0,train
739,1531,children&Adolescents,female,15.0,train
740,1532,children&Adolescents,female,14.0,train
741,1533,children&Adolescents,female,14.0,train
742,1534,children&Adolescents,female,15.0,train
743,1537,seniors,male,69.0,train
744,1538,seniors,male,73.0,train
745,1540,seniors,female,74.0,train
746,1541,seniors,female,61.0,train
747,1542,seniors,female,67.0,train
748,1543,seniors,male,63.0,train
749,1544,seniors,male,73.0,train
750,1545,seniors,male,68.0,train
751,1550,children&Adolescents,male,12.0,train
752,1551,seniors,female,84.0,train
753,1552,seniors,female,76.0,train
754,1553,seniors,female,72.0,train
755,1554,seniors,female,72.0,train
756,1555,seniors,male,68.0,train
757,1557,seniors,female,68.0,train
758,1558,seniors,male,69.0,train
759,1559,seniors,female,65.0,train
760,1561,seniors,female,66.0,train
761,1562,seniors,female,63.0,train
762,1563,seniors,female,66.0,train
763,1564,seniors,male,61.0,train
764,1565,seniors,male,63.0,train
765,1566,seniors,male,63.0,train
766,1567,seniors,male,63.0,train
767,1568,seniors,female,61.0,train
768,1569,seniors,male,63.0,train
769,1570,seniors,female,75.0,train
770,1572,seniors,female,66.0,train
771,1573,seniors,female,64.0,train
772,1575,seniors,female,65.0,train
773,1576,seniors,male,69.0,train
774,1578,seniors,female,71.0,train
775,1579,seniors,male,69.0,train
776,1581,seniors,female,75.0,train
777,1582,seniors,female,71.0,train
778,1583,seniors,male,73.0,train
779,1584,seniors,male,73.0,train
780,1586,seniors,male,63.0,train
781,1587,seniors,male,63.0,train
782,1589,seniors,female,71.0,train
783,1591,seniors,female,67.0,train
784,1592,seniors,male,67.0,train
785,1593,seniors,male,61.0,train
786,1594,seniors,female,66.0,train
787,1595,seniors,male,67.0,train
788,1596,seniors,male,65.0,train
789,1597,seniors,male,71.0,train
790,1598,seniors,female,63.0,train
791,1599,seniors,female,70.0,train
792,1602,seniors,male,83.0,train
793,1605,seniors,male,86.0,train
794,1606,seniors,female,61.0,train
795,1607,seniors,female,82.0,train
796,1608,seniors,female,67.0,train
797,1610,seniors,female,76.0,train
798,1613,seniors,female,71.0,train
799,1614,seniors,male,65.0,train
800,1616,seniors,male,64.0,train
801,1618,seniors,male,64.0,train
802,1621,seniors,male,64.0,train
803,1622,seniors,female,73.0,train
804,1626,seniors,male,64.0,train
805,1627,seniors,female,64.0,train
806,1628,seniors,female,64.0,train
807,1629,seniors,female,60.0,train
808,1630,seniors,female,76.0,train
809,1632,seniors,female,64.0,train
810,1633,seniors,female,61.0,train
811,1636,seniors,male,60.0,train
812,1637,seniors,female,60.0,train
813,1638,seniors,female,70.0,train
814,1639,seniors,female,62.0,train
815,1641,seniors,male,72.0,train
816,1644,seniors,female,68.0,train
817,1645,seniors,female,68.0,train
818,1646,seniors,female,68.0,train
819,1649,seniors,male,68.0,train
820,1650,seniors,male,69.0,train
821,1651,seniors,male,61.0,train
822,1653,seniors,female,61.0,train
823,1654,seniors,male,63.0,train
824,1655,seniors,female,67.0,train
825,1656,seniors,male,65.0,train
826,1658,seniors,female,62.0,train
827,1659,seniors,female,64.0,train
828,1662,seniors,female,73.0,train
829,1663,seniors,male,69.0,train
830,1664,seniors,male,69.0,train
831,1666,seniors,male,69.0,train
832,1668,seniors,female,663.0,train
833,1670,seniors,female,65.0,train
834,1673,seniors,female,73.0,train
835,1674,seniors,male,71.0,train
836,1675,seniors,male,65.0,train
837,1676,seniors,male,60.0,train
838,1677,seniors,male,75.0,train
839,1678,seniors,female,75.0,train
840,1679,seniors,female,73.0,train
841,1680,seniors,female,63.0,train
842,1681,seniors,female,75.0,train
843,1682,seniors,female,75.0,train
844,1683,seniors,female,66.0,train
845,1684,seniors,male,68.0,train
846,1685,seniors,female,63.0,train
847,1686,seniors,female,76.0,train
848,1687,seniors,female,71.0,train
849,1689,seniors,female,71.0,train
850,1691,seniors,male,60.0,train
851,1692,seniors,female,64.0,train
852,1693,seniors,male,60.0,train
853,1694,seniors,female,73.0,train
854,1695,seniors,male,72.0,train
855,1696,seniors,female,77.0,train
856,1697,seniors,female,80.0,train
857,1698,seniors,female,77.0,train
858,1699,seniors,male,62.0,train
859,1700,seniors,male,62.0,train
860,1702,seniors,male,70.0,train
861,1703,seniors,male,60.0,train
862,1704,seniors,male,76.0,train
863,1705,seniors,female,64.0,train
864,1706,seniors,female,66.0,train
865,1707,seniors,male,70.0,train
866,1708,seniors,female,69.0,train
867,1709,seniors,male,64.0,train
868,1710,seniors,female,63.0,train
869,1711,seniors,male,62.0,train
870,1712,seniors,male,64.0,train
871,1716,seniors,male,64.0,train
872,1717,seniors,male,63.0,train
873,1718,seniors,female,61.0,train
874,1719,seniors,male,63.0,train
875,1720,seniors,male,65.0,train
876,1721,seniors,female,70.0,train
877,1722,seniors,female,65.0,train
878,1723,seniors,female,60.0,train
879,1724,seniors,female,73.0,train
880,1726,seniors,male,70.0,train
881,1727,seniors,female,70.0,train
882,1728,seniors,male,71.0,train
883,1730,seniors,male,83.0,train
884,1731,seniors,male,86.0,train
885,1732,seniors,female,82.0,train
886,1733,seniors,female,66.0,train
887,1734,seniors,female,76.0,train
888,1735,seniors,female,71.0,train
889,1736,seniors,female,71.0,train
890,1737,seniors,female,60.0,train
891,1738,seniors,male,63.0,train
892,1740,seniors,female,61.0,train
893,1741,seniors,male,81.0,train
894,1742,seniors,male,64.0,train
895,1743,seniors,male,77.0,train
896,1744,seniors,male,62.0,train
897,1745,seniors,male,68.0,train
898,1747,seniors,female,68.0,train
899,1748,seniors,female,62.0,train
900,1749,seniors,female,66.0,train
901,1750,seniors,male,60.0,train
902,1751,seniors,male,68.0,train
903,1752,seniors,female,63.0,train
904,1753,seniors,male,78.0,train
905,1754,seniors,male,62.0,train
906,1755,seniors,female,65.0,train
907,1756,seniors,male,69.0,train
908,1757,seniors,male,73.0,train
909,1758,seniors,male,76.0,train
910,1759,seniors,male,60.0,train
911,1760,seniors,female,68.0,train
912,1761,seniors,male,66.0,train
913,1762,seniors,male,81.0,train
914,1763,seniors,male,72.0,train
915,1764,seniors,female,77.0,train
916,1766,seniors,male,70.0,train
917,1767,seniors,female,77.0,train
918,1769,seniors,male,62.0,train
919,1770,seniors,female,62.0,train
920,1771,seniors,female,64.0,train
921,1774,seniors,male,63.0,train
922,1775,seniors,female,60.0,train
923,1776,seniors,male,67.0,train
924,1778,seniors,male,68.0,train
925,1781,seniors,male,61.0,train
926,1783,seniors,male,63.0,train
927,1785,seniors,female,61.0,train
928,1786,seniors,male,61.0,train
929,1787,seniors,male,61.0,train
930,1789,seniors,male,62.0,train
931,1791,seniors,female,63.0,train
932,1792,seniors,male,68.0,train
933,1794,seniors,male,68.0,train
934,1795,seniors,male,69.0,train
935,1796,seniors,female,69.0,train
936,1797,seniors,male,74.0,train
937,1798,seniors,male,73.0,train
938,1799,seniors,male,62.0,train
939,1800,seniors,male,73.0,train
940,1801,seniors,female,65.0,train
941,1802,seniors,female,74.0,train
942,1803,seniors,male,76.0,train
943,1804,seniors,male,65.0,train
944,1805,seniors,male,78.0,train
945,1806,seniors,female,65.0,train
946,1807,seniors,female,81.0,train
947,1808,seniors,male,66.0,train
948,1809,seniors,female,70.0,train
949,1810,seniors,female,68.0,train
950,1811,seniors,female,63.0,train
951,1812,seniors,female,63.0,train
952,1813,seniors,male,72.0,train
953,1814,seniors,male,65.0,train
954,1815,seniors,female,65.0,train
955,1816,seniors,male,68.0,train
956,1817,seniors,male,71.0,train
957,1820,seniors,female,68.0,train
958,1821,seniors,female,66.0,train
959,1822,seniors,male,66.0,train
960,1823,seniors,male,68.0,train
961,1824,seniors,female,74.0,train
962,1825,seniors,male,70.0,train
963,1826,seniors,male,71.0,train
964,1827,seniors,female,73.0,train
965,1838,children&Adolescents,male,17.0,train
966,1839,children&Adolescents,male,17.0,train
967,1840,children&Adolescents,male,17.0,train
968,1841,children&Adolescents,male,17.0,train
969,1842,children&Adolescents,male,17.0,train
970,1843,children&Adolescents,male,17.0,train
971,1844,children&Adolescents,male,17.0,train
972,1845,children&Adolescents,male,17.0,train
973,1846,children&Adolescents,male,17.0,train
974,1847,children&Adolescents,male,17.0,train
975,1849,children&Adolescents,male,17.0,train
976,1850,children&Adolescents,male,17.0,train
977,1851,children&Adolescents,male,17.0,train
978,1852,children&Adolescents,male,17.0,train
979,1853,children&Adolescents,male,17.0,train
980,1854,children&Adolescents,male,17.0,train
981,1855,children&Adolescents,male,17.0,train
982,1856,children&Adolescents,male,17.0,train
983,1858,children&Adolescents,male,17.0,train
984,1859,children&Adolescents,male,17.0,train
985,1860,children&Adolescents,male,17.0,train
986,1861,children&Adolescents,male,17.0,train
987,1862,children&Adolescents,male,17.0,train
988,1863,children&Adolescents,male,17.0,train
989,1864,children&Adolescents,male,17.0,train
990,1866,children&Adolescents,male,17.0,train
991,1867,children&Adolescents,male,17.0,train
992,1868,children&Adolescents,male,17.0,train
993,1869,children&Adolescents,male,17.0,train
994,1870,children&Adolescents,male,17.0,train
995,1871,children&Adolescents,male,17.0,train
996,1872,children&Adolescents,male,17.0,train
997,1873,children&Adolescents,male,17.0,train
998,1874,children&Adolescents,male,17.0,train
999,1877,children&Adolescents,male,18.0,train
1000,1878,children&Adolescents,male,18.0,train
1001,1879,children&Adolescents,male,18.0,train
1002,1881,children&Adolescents,male,18.0,train
1003,1883,children&Adolescents,male,18.0,train
1004,1884,children&Adolescents,male,18.0,train
1005,1885,children&Adolescents,male,18.0,train
1006,1886,children&Adolescents,male,18.0,train
1007,1887,children&Adolescents,male,18.0,train
1008,1889,children&Adolescents,male,18.0,train
1009,1890,children&Adolescents,male,18.0,train
1010,1891,children&Adolescents,male,18.0,train
1011,1892,children&Adolescents,male,18.0,train
1012,1893,children&Adolescents,male,18.0,train
1013,1894,children&Adolescents,male,18.0,train
1014,1896,children&Adolescents,male,18.0,train
1015,1897,children&Adolescents,male,18.0,train
1016,1899,children&Adolescents,male,18.0,train
1017,1902,children&Adolescents,male,15.0,train
1018,1903,children&Adolescents,male,17.0,train
1019,1904,children&Adolescents,male,17.0,train
1020,1905,children&Adolescents,male,17.0,train
1021,1907,children&Adolescents,male,17.0,train
1022,1908,children&Adolescents,male,17.0,train
1023,1910,children&Adolescents,male,17.0,train
1024,1911,children&Adolescents,male,17.0,train
1025,1912,children&Adolescents,male,17.0,train
1026,1913,children&Adolescents,male,17.0,train
1027,1914,children&Adolescents,male,17.0,train
1028,1915,children&Adolescents,male,17.0,train
1029,1916,children&Adolescents,male,17.0,train
1030,1917,children&Adolescents,male,17.0,train
1031,1918,children&Adolescents,male,16.0,train
1032,1919,children&Adolescents,male,17.0,train
1033,1920,children&Adolescents,male,17.0,train
1034,1923,children&Adolescents,male,17.0,train
1035,1924,children&Adolescents,male,17.0,train
1036,1927,children&Adolescents,male,17.0,train
1037,1928,children&Adolescents,male,17.0,train
1038,1929,children&Adolescents,male,17.0,train
1039,1930,children&Adolescents,male,17.0,train
1040,1931,children&Adolescents,male,17.0,train
1041,1932,children&Adolescents,male,17.0,train
1042,1933,children&Adolescents,male,17.0,train
1043,1934,children&Adolescents,male,17.0,train
1044,1935,children&Adolescents,male,17.0,train
1045,1936,children&Adolescents,male,17.0,train
1046,1937,children&Adolescents,male,17.0,train
1047,1938,children&Adolescents,male,17.0,train
1048,1939,children&Adolescents,male,17.0,train
1049,1942,adult,female,20.0,test
1050,1943,adult,female,26.0,test
1051,1944,adult,female,20.0,test
1052,1945,adult,female,20.0,test
1053,1946,adult,male,20.0,test
1054,1947,adult,male,21.0,test
1055,1948,adult,female,23.0,test
1056,1949,adult,female,24.0,test
1057,1950,adult,female,24.0,test
1058,1952,adult,female,21.0,test
1059,1953,adult,female,20.0,test
1060,1954,adult,female,21.0,test
1061,1955,adult,female,21.0,test
1062,1956,adult,female,22.0,test
1063,1957,adult,female,20.0,test
1064,1958,adult,female,20.0,test
1065,1959,adult,female,20.0,test
1066,1960,adult,male,29.0,test
1067,1961,adult,female,20.0,test
1068,1962,adult,male,20.0,test
1069,1963,adult,female,20.0,test
1070,1964,adult,female,21.0,test
1071,1966,adult,female,19.0,test
1072,1968,adult,female,21.0,test
1073,1969,adult,female,20.0,test
1074,1970,adult,female,25.0,test
1075,1971,adult,female,26.0,test
1076,1972,adult,female,19.0,test
1077,1973,adult,female,20.0,test
1078,1974,adult,female,20.0,test
1079,1975,adult,female,22.0,test
1080,1977,children&Adolescents,male,18.0,train
1081,1978,children&Adolescents,male,18.0,train
1082,1979,children&Adolescents,male,18.0,train
1083,1980,adult,male,23.0,test
1084,1981,adult,male,24.0,test
1085,1982,adult,male,27.0,test
1086,1983,adult,female,22.0,test
1087,1984,adult,male,29.0,test
1088,1986,adult,male,21.0,test
1089,1987,adult,female,26.0,test
1090,1989,adult,female,23.0,test
1091,1990,adult,male,25.0,test
1092,1991,children&Adolescents,female,17.0,train
1093,1992,adult,female,20.0,test
1094,1993,adult,female,22.0,test
1095,1994,adult,male,27.0,test
1096,1995,adult,male,21.0,test
1097,1996,adult,female,21.0,test
1098,1997,adult,male,24.0,test
1099,1998,adult,male,25.0,test
1100,1999,adult,female,24.0,test
1101,2000,adult,male,24.0,test
1102,2001,adult,male,24.0,test
1103,2002,adult,male,24.0,test
1104,2004,adult,male,24.0,test
1105,2005,adult,male,25.0,test
1106,2006,adult,male,21.0,test
1107,2007,adult,female,23.0,test
1108,2008,adult,male,25.0,test
1109,2009,adult,male,26.0,test
1110,2010,adult,female,23.0,test
1111,2011,adult,female,23.0,test
1112,2012,adult,male,21.0,test
1113,2013,adult,male,25.0,test
1114,2015,adult,female,22.0,test
1115,2016,adult,female,23.0,test
1116,2017,adult,female,24.0,test
1117,2018,adult,female,25.0,test
1118,2019,adult,female,21.0,test
1119,2020,adult,female,21.0,test
1120,2021,children&Adolescents,male,18.0,train
1121,2022,children&Adolescents,male,18.0,train
1122,2023,children&Adolescents,male,18.0,train
1123,2024,children&Adolescents,male,18.0,train
1124,2025,adult,female,24.0,test
1125,2026,adult,female,25.0,test
1126,2027,adult,female,22.0,test
1127,2028,adult,female,25.0,test
1128,2029,adult,female,24.0,test
1129,2030,adult,male,20.0,test
1130,2031,adult,female,20.0,test
1131,2032,adult,female,20.0,test
1132,2033,adult,male,20.0,test
1133,2034,adult,female,24.0,test
1134,2035,adult,female,22.0,test
1135,2036,adult,female,23.0,test
1136,2037,adult,female,26.0,test
1137,2038,adult,male,27.0,test
1138,2039,adult,male,23.0,test
1139,2040,adult,female,25.0,test
1140,2041,adult,female,31.0,test
1141,2042,adult,male,30.0,test
1142,2043,adult,female,25.0,test
1143,2044,adult,male,27.0,test
1144,2045,seniors,female,64.0,train
1145,2046,seniors,male,65.0,train
1146,2047,adult,female,27.0,test
1147,2048,adult,female,26.0,test
1148,2049,adult,male,29.0,test
1149,2050,adult,male,21.0,test
1150,2051,adult,male,20.0,test
1151,2052,adult,male,23.0,test
1152,2053,adult,male,29.0,test
1153,2054,adult,male,23.0,test
1154,2055,adult,male,19.0,test
1155,2058,adult,male,24.0,test
1156,2059,adult,male,22.0,test
1157,2060,adult,male,25.0,test
1158,2061,adult,female,20.0,test
1159,2062,adult,female,19.0,test
1160,2063,adult,female,21.0,test
1161,2064,adult,male,21.0,test
1162,2065,adult,male,26.0,test
1163,2066,adult,male,24.0,test
1164,2067,adult,male,25.0,test
1165,2068,adult,male,24.0,test
1166,2069,adult,male,23.0,test
1167,2070,adult,male,20.0,test
1168,2071,adult,female,21.0,test
1169,2072,adult,female,19.0,test
1170,2073,adult,male,22.0,test
1171,2074,adult,female,19.0,test
1172,2075,adult,female,20.0,test
1173,2077,adult,male,20.0,test
1174,2078,adult,male,20.0,test
1175,2079,adult,male,27.0,test
1176,2080,adult,female,20.0,test
1177,2081,adult,male,20.0,test
1178,2082,adult,male,21.0,test
1179,2083,adult,male,19.0,test
1180,2084,adult,female,23.0,test
1181,2085,adult,female,20.0,test
1182,2086,adult,female,20.0,test
1183,2087,adult,female,20.0,test
1184,2088,adult,female,20.0,test
1185,2089,adult,female,20.0,test
1186,2090,adult,female,20.0,test
1187,2091,adult,female,20.0,test
1188,2092,adult,male,20.0,test
1189,2093,adult,male,21.0,test
1190,2094,adult,male,20.0,test
1191,2095,adult,male,21.0,test
1192,2096,adult,female,22.0,test
1193,2097,adult,female,21.0,test
1194,2098,adult,male,20.0,test
1195,2099,adult,female,20.0,test
1196,2102,adult,male,21.0,test
1197,2103,adult,female,25.0,test
1198,2104,adult,female,23.0,test
1199,2105,adult,female,23.0,test
1200,2106,adult,female,21.0,test
1201,2107,adult,female,21.0,test
1202,2108,adult,female,21.0,test
1203,2109,adult,female,21.0,test
1204,2110,adult,male,21.0,test
1205,2111,adult,male,21.0,test
1206,2112,adult,female,20.0,test
1207,2113,adult,male,20.0,test
1208,2114,adult,female,21.0,test
1209,2115,adult,female,22.0,test
1210,2116,adult,female,20.0,test
1211,2117,adult,male,22.0,test
1212,2118,adult,female,20.0,test
1213,2119,adult,male,55.0,test
1214,2120,adult,female,23.0,test
1215,2121,adult,female,24.0,test
1216,2122,adult,female,20.0,test
1217,2124,adult,male,21.0,test
1218,2125,adult,male,24.0,test
1219,2126,adult,female,25.0,test
1220,2127,adult,female,20.0,test
1221,2128,adult,female,21.0,test
1222,2129,adult,female,22.0,test
1223,2130,adult,female,26.0,test
1224,2131,adult,female,25.0,test
1225,2132,adult,male,25.0,test
1226,2133,adult,female,23.0,test
1227,2134,adult,male,27.0,test
1228,2135,adult,male,23.0,test
1229,2136,adult,female,23.0,test
1230,2137,adult,female,33.0,test
1231,2138,adult,female,20.0,test
1232,2139,children&Adolescents,female,18.0,train
1233,2140,adult,female,21.0,test
1234,2141,adult,female,25.0,test
1235,2142,adult,female,21.0,test
1236,2143,adult,male,21.0,test
1237,2144,adult,female,21.0,test
1238,2145,adult,female,21.0,test
1239,2146,adult,female,21.0,test
1240,2147,adult,female,22.0,test
1241,2148,adult,female,23.0,test
1242,2149,adult,female,20.0,test
1243,2150,adult,female,20.0,test
1244,2151,adult,female,20.0,test
1245,2152,adult,female,20.0,test
1246,2153,adult,female,21.0,test
1247,2154,adult,female,20.0,test
1248,2155,adult,female,24.0,test
1249,2156,adult,female,20.0,test
1250,2157,adult,male,20.0,test
1251,2158,adult,female,20.0,test
1252,2159,adult,male,20.0,test
1253,2160,adult,female,20.0,test
1254,2162,adult,female,20.0,test
1255,2163,adult,female,20.0,test
1256,2164,adult,female,20.0,test
1257,2165,adult,female,19.0,test
1258,2166,adult,male,22.0,test
1259,2167,adult,female,20.0,test
1260,2168,adult,female,21.0,test
1261,2169,adult,female,22.0,test
1262,2170,adult,female,21.0,test
1263,2171,adult,female,21.0,test
1264,2172,adult,male,19.0,test
1265,2174,adult,male,22.0,test
1266,2175,adult,female,22.0,test
1267,2176,adult,female,21.0,test
1268,2177,adult,female,21.0,test
1269,2178,adult,male,22.0,test
1270,2179,adult,female,20.0,test
1271,2180,adult,male,20.0,test
1272,2181,adult,male,22.0,test
1273,2182,adult,female,22.0,test
1274,2183,adult,female,20.0,test
1275,2184,adult,female,20.0,test
1276,2185,adult,male,24.0,test
1277,2186,adult,male,21.0,test
1278,2187,adult,female,21.0,test
1279,2188,adult,male,21.0,test
1280,2189,adult,female,23.0,test
1281,2190,adult,male,26.0,test
1282,2191,adult,female,24.0,test
1283,2193,adult,female,26.0,test
1284,2194,adult,female,28.0,test
1285,2195,adult,male,21.0,test
1286,2196,adult,male,22.0,test
1287,2197,adult,male,23.0,test
1288,2198,adult,male,24.0,test
1289,2199,adult,male,24.0,test
1290,2200,adult,female,21.0,test
1291,2201,adult,female,29.0,test
1292,2202,adult,male,25.0,test
1293,2203,adult,female,23.0,test
1294,2204,adult,male,25.0,test
1295,2205,adult,female,24.0,test
1296,2206,adult,male,26.0,test
1297,2207,adult,female,24.0,test
1298,2208,adult,male,28.0,test
1299,2209,adult,male,22.0,test
1300,2210,adult,female,22.0,test
1301,2211,adult,male,21.0,test
1302,2212,adult,male,23.0,test
1303,2213,adult,male,26.0,test
1304,2214,adult,female,20.0,test
1305,2215,adult,male,20.0,test
1306,2216,adult,male,20.0,test
1307,2217,adult,male,23.0,test
1308,2218,adult,male,23.0,test
1309,2219,adult,male,24.0,test
1310,2220,adult,male,21.0,test
1311,2221,adult,male,21.0,test
1312,2222,seniors,female,60.0,train
1313,2223,adult,female,21.0,test
1314,2224,adult,female,21.0,test
1315,2225,adult,female,20.0,test
1316,2226,adult,female,25.0,test
1317,2227,adult,male,20.0,test
1318,2228,adult,female,28.0,test
1319,2229,adult,non-binary,24.0,test
1320,2230,adult,male,25.0,test
1321,2231,adult,male,41.0,test
1322,2232,adult,female,22.0,test
1323,2233,adult,female,21.0,test
1324,2234,adult,female,20.0,test
1325,2235,adult,female,19.0,test
1326,2236,adult,male,22.0,test
1327,2237,adult,female,24.0,test
1328,2239,adult,male,25.0,test
1329,2240,adult,male,54.0,test
1330,2241,adult,female,49.0,test
1331,2242,adult,female,25.0,test
1332,2243,adult,male,33.0,test
1333,2244,adult,female,56.0,test
1334,2245,children&Adolescents,male,17.0,train
1335,2246,children&Adolescents,male,17.0,train
1336,2247,children&Adolescents,male,17.0,train
1337,2248,children&Adolescents,male,17.0,train
1338,2249,children&Adolescents,male,17.0,train
1339,2250,children&Adolescents,male,17.0,train
1340,2251,children&Adolescents,male,17.0,train
1341,2252,children&Adolescents,male,17.0,train
1342,2253,children&Adolescents,male,17.0,train
1343,2254,children&Adolescents,male,17.0,train
1344,2255,children&Adolescents,male,17.0,train
1345,2256,children&Adolescents,male,17.0,train
1346,2257,children&Adolescents,male,17.0,train
1347,2259,children&Adolescents,male,17.0,train
1348,2260,children&Adolescents,male,17.0,train
1349,2261,children&Adolescents,male,17.0,train
1350,2265,adult,female,22.0,test
1351,2268,children&Adolescents,male,17.0,train
1352,2269,children&Adolescents,male,17.0,train
1353,2270,children&Adolescents,male,17.0,train
1354,2271,children&Adolescents,male,17.0,train
1355,2272,children&Adolescents,male,17.0,train
1356,2273,children&Adolescents,male,17.0,train
1357,2274,children&Adolescents,male,17.0,train
1358,2275,children&Adolescents,male,17.0,train
1359,2276,children&Adolescents,male,17.0,train
1360,2277,children&Adolescents,male,17.0,train
1361,2278,children&Adolescents,male,17.0,train
1362,2279,children&Adolescents,male,17.0,train
1363,2280,children&Adolescents,male,17.0,train
1364,2281,children&Adolescents,male,17.0,train
1365,2282,children&Adolescents,male,17.0,train
1366,2283,children&Adolescents,male,17.0,train
1367,2284,children&Adolescents,male,17.0,train
1368,2285,children&Adolescents,male,17.0,train
1369,2288,children&Adolescents,male,17.0,train
1370,2289,children&Adolescents,male,17.0,train
1371,2291,children&Adolescents,male,17.0,train
1372,2292,children&Adolescents,male,17.0,train
1373,2293,children&Adolescents,male,17.0,train
1374,2295,children&Adolescents,male,17.0,train
1375,2296,children&Adolescents,male,17.0,train
1376,2297,children&Adolescents,male,17.0,train
1377,2298,children&Adolescents,male,17.0,train
1378,2299,children&Adolescents,male,17.0,train
1379,2300,children&Adolescents,male,17.0,train
1380,2301,children&Adolescents,male,17.0,train
1381,2302,children&Adolescents,male,17.0,train
1382,2303,children&Adolescents,male,17.0,train
1383,2305,children&Adolescents,male,17.0,train
1384,2306,children&Adolescents,male,17.0,train
1385,2307,children&Adolescents,male,17.0,train
1386,2310,adult,female,29.0,test
1387,2311,adult,female,26.0,test
1388,2312,adult,male,33.0,test
1389,2313,adult,female,26.0,test
1390,2314,adult,female,25.0,test
1391,2315,adult,female,25.0,test
1392,2316,adult,female,26.0,test
1393,2317,adult,female,25.0,test
1394,2318,adult,male,20.0,test
1395,2319,adult,male,26.0,test
1396,2320,adult,female,25.0,test
1397,2321,adult,female,26.0,test
1398,2322,adult,female,29.0,test
